gap_ms,eval_horizon_ms,num_waves,total_deficit_usd,total_budget_needed_usd,total_H_prod_usd,total_overshoot_prod_minus_needed_usd
5000,0,16,100063386.6859475,15079669.609008066,60108335.328144774,45028665.7191367
5000,500,16,100063386.6859475,15079669.609008066,66753276.21823378,51673606.60922572
5000,1000,16,100063386.6859475,15079669.609008066,66091792.83439987,51012123.2253918
5000,2000,16,100063386.6859475,15079669.609008066,62526361.714594774,47446692.10558669
5000,5000,16,100063386.6859475,15079669.609008066,64353144.63285082,49273475.023842745
